University of Alaska,alaska.edu,AK
Alaska Christian College,alaskacc.edu,AK
National Park Community College,npcc.edu,AK
University of Alaska Fairbanks,uaf.edu,AK
University of Arkansas - Fort Smith,uafs.edu,AK
Alabama A&M University,aamu.edu,AL
Athens State University,athens.edu,AL
Auburn University,auburn.edu,AL
Auburn University at Montgomery,aum.edu,AL
Birmingham-Southern College,bsc.edu,AL
Calhoun Community College,calhoun.edu,AL
Enterprise State Community College,escc.edu,AL
Faulkner State Community College,faulknerstate.edu,AL
Gadsden State Community College,gadsdenstate.edu,AL
Huntingdon College,huntingdon.edu,AL
Jacksonville State University,jsu.edu,AL
Lurleen B. Wallace Community College,lbwcc.edu,AL
University of Montevallo,montevallo.edu,AL
Northeast Alabama Community College,nacc.edu,AL
Northwest-Shoals Community College,nwscc.edu,AL
Oakwood University,oakwood.edu,AL
Samford University,samford.edu,AL
Southeastern Bible College,sebc.edu,AL
University of South Alabama,southalabama.edu,AL
Trenholm State Technical College,trenholmstate.edu,AL
Troy University,troy.edu,AL
Tuskegee University,tuskegee.edu,AL
University of Alabama,ua.edu,AL
University of Alabama at Birmingham,uab.edu,AL
University of Alabama in Huntsville,uah.edu,AL
University of North Alabama,una.edu,AL
Snead State Community College,snead.edu,AL
Arkansas Northeastern College,anc.edu,AR
Arkansas State University,astate.edu,AR
Arkansas Tech University,atu.edu,AR
Central Baptist College,cbc.edu,AR
Harding University,harding.edu,AR
Hendrix College,hendrix.edu,AR
Henderson State University,hsu.edu,AR
John Brown University,jbu.edu,AR
Lyon College,lyon.edu,AR
Mid-South Community College,midsouthcc.edu,AR
North Arkansas College,northark.edu,AR
Northwest Arkansas Community College,nwacc.edu,AR
Northwest Technical Institute,nwti.edu,AR
Ouachita Baptist University,obu.edu,AR
University of the Ozarks,ozarks.edu,AR
Phillips Community College U of A,pccua.edu,AR
Pulaski Technical College,pulaskitech.edu,AR
Southern Arkansas University Magnolia,saumag.edu,AR
Southeast Arkansas College,seark.edu,AR
University of Arkansas Community College Batesville,uaccb.edu,AR
University of Arkansas at Little Rock,ualr.edu,AR
University of Arkansas for Medical Sciences,uams.edu,AR
University of Arkansas at Pine Bluff,uapb.edu,AR
University of Arkansas,uark.edu,AR
University of Central Arkansas,uca.edu,AR
Williams Baptist College,wbcoll.edu,AR
University of Arizona,arizona.edu,AZ
Arizona State University,asu.edu,AZ
Arizona Western College,azwestern.edu,AZ
Bryan University,bryanuniversity.edu,AZ
Central Arizona College,centralaz.edu,AZ
Glendale Community College,gccaz.edu,AZ
Grand Canyon University,gcu.edu,AZ
Maricopa Community Colleges,maricopa.edu,AZ
Mesa Community College,mesacc.edu,AZ
Northern Arizona University,nau.edu,AZ
Northland Pioneer College,npc.edu,AZ
University of Phoenix,phoenix.edu,AZ
Phoenix College,phoenixcollege.edu,AZ
Pima Community College,pima.edu,AZ
Prescott College,prescott.edu,AZ
Rio Salado College,riosalado.edu,AZ
South Mountain Community College,southmountaincc.edu,AZ
University of Advancing Technology,uat.edu,AZ
Yavapai College,yc.edu,AZ
Academy of Arts University,academyart.edu,CA
Adance Computing Institute,advancedcomputinginstitute.edu,CA
Acupuncture & Integrative Medicine College,aimc.edu,CA
Alliant International University,alliant.edu,CA
Allied American University,allied.edu,CA
Anaheim University,anaheim.edu,CA
Angeles College,angelescollege.edu,CA
Antioch University Los Angeles,antiochla.edu,CA
Argosy University,argosy.edu,CA
Art Center College of Design,artcenter.edu,CA
The Art Institute,artinstitutes.edu,CA
Ashford University,ashford.edu,CA
ATI College,ati.edu,CA
Antelope Valley College,avc.edu,CA
Bakersfield College,bakersfieldcollege.edu,CA
Barstow Community College,barstow.edu,CA
Berkeley University of California,berkeley.edu,CA
Berkeley City College,berkeleycitycollege.edu,CA
Brandman University,brandman.edu,CA
Butte College,butte.edu,CA
Cabrillo College,cabrillo.edu,CA
California Institute of the Arts,calarts.edu,CA
California Baptist University,calbaptist.edu,CA
California Lutheran University,callutheran.edu,CA
California Miramar University,calmu.edu,CA
California Polytechnic State University,calpoly.edu,CA
California State University,calstate.edu,CA
California Institute of Technology,caltech.edu,CA
Canada College,canadacollege.edu,CA
College of the Canyons,canyons.edu,CA
California College of the Arts,cca.edu,CA
California Community Colleges Chanellor's Office,cccco.edu,CA
City College of San Francisco,ccsf.edu,CA
Cerritos College,cerritos.edu,CA
Cerro Coso Community College,cerrocoso.edu,CA
Claremont Graduate University,cgu.edu,CA
Chaffey College,chaffey.edu,CA
Chapman University,chapman.edu,CA
California Institute of Integral Studies,ciis.edu,CA
Citrus College,citruscollege.edu,CA
The Claremont Colleges,claremont.edu,CA
Claremont McKenna College,cmc.edu,CA
Copper Mountain College,cmccd.edu,CA
Cogswell Polytechnical College,cogswell.edu,CA
College of San Mateo,collegeofsanmateo.edu,CA
College of the Desert,collegeofthedesert.edu,CA
El Camino College Compton Center,compton.edu,CA
Contra Costa College,contracosta.edu,CA
College of the Sequoias,cos.edu,CA
Crafton Hills College,craftonhills.edu,CA
California State University Bakersfield,csub.edu,CA
California State University Channel Islands,csuci.edu,CA
California State University Dominguez Hills,csudh.edu,CA
California State University East Bay,csueastbay.edu,CA
Fresno State,fresnostate.edu,CA
California State University Long Beach,csulb.edu,CA
California State University Monterey Bay,csumb.edu,CA
California State University Northridge,csun.edu,CA
California State Polytechnic University Pomona,csupomona.edu,CA
California State University Sacramento,csus.edu,CA
California State University San Bernardino,csusb.edu,CA
California State University San Marcos,csusm.edu,CA
California State University Stanislaus,csustan.edu,CA
Cuesta College,cuesta.edu,CA
Cuyamaca College,cuyamaca.edu,CA
California Western School of Law San Diego,cwsl.edu,CA
Cypress College,cypresscollege.edu,CA
DeAnza College,deanza.edu,CA
San Joaquin Delta College,deltacollege.edu,CA
Dominican University of California,dominican.edu,CA
Dominican School of Philosophy and Theology,dspt.edu,CA
Diablo Valley College,dvc.edu,CA
East Los Angeles College,elac.edu,CA
El Camino College,elcamino.edu,CA
Ex'pression College,expression.edu,CA
Foothill-De Anza Community College District,fhda.edu,CA
Fashion Institute of Design & Merchandising,fidm.edu,CA
Fielding Graduate University,fielding.edu,CA
Foothill College,foothill.edu,CA
Fresno Pacific University,fresno.edu,CA
Fresno City College,fresnocitycollege.edu,CA
Frederick Taylor University,ftu.edu,CA
Fullerton College,fullcoll.edu,CA
Fuller Theological Seminary,fuller.edu,CA
California State University Fullerton,fullerton.edu,CA
Gavilan College,gavilan.edu,CA
Golden Gate Baptist Theological Seminary,ggbts.edu,CA
Glendale Community College,glendale.edu,CA
Gnomon School of Visual Effects,gnomon.edu,CA
Columbia College,gocolumbia.edu,CA
Golden West College,goldenwestcollege.edu,CA
Grossmont College,grossmont.edu,CA
Allan Hancock College,hancockcollege.edu,CA
Hartnell College,hartnell.edu,CA
Henley-Putnam University,henley-putnam.edu,CA
Harvey Mudd College,hmc.edu,CA
Holy Names University,hnu.edu,CA
Humboldt State University,humboldt.edu,CA
Humphreys College,humphreys.edu,CA
Imperial Valley College,imperial.edu,CA
International Sports Sciences Association,issaonline.edu,CA
International Technological University,itu.edu,CA
Irvine Valley College,ivc.edu,CA
William Jessup University,jessup.edu,CA
John F. Kennedy University,jfku.edu,CA
Keck Graduate Institute,kgi.edu,CA
Mount Saint Mary's College,la.edu,CA
Los Angeles Community College District,laccd.edu,CA
Los Angeles City College,lacitycollege.edu,CA
Los Angeles Harbor College,lahc.edu,CA
Los Angeles Mission College,lamission.edu,CA
Laney College,laney.edu,CA
Los Angeles Southwest College,lasc.edu,CA
La Sierra University,lasierra.edu,CA
Las Positas College,laspositascollege.edu,CA
Los Angeles Trade-Tech Community College,lattc.edu,CA
Laurus College,lauruscollege.edu,CA
Los Angeles Valley College,lavc.edu,CA
University of La Verne,laverne.edu,CA
UCLA School of Law,ucla.edu,CA
Long Beach City College,lbcc.edu,CA
Life Chiropractic College West,lifewest.edu,CA
Loma Linda University,llu.edu,CA
Loyola Marymount University,lmu.edu,CA
Los Medanos College,losmedanos.edu,CA
Los Rios Community College District,losrios.edu,CA
Lake Tahoe Community College,ltcc.edu,CA
College of Marin,marin.edu,CA
Marymount California University,marymountcalifornia.edu,CA
The Master's College,masters.edu,CA
Merced Community College,mccd.edu,CA
Mills College,mills.edu,CA
MiraCosta College,miracosta.edu,CA
Modesto Junior College,mjc.edu,CA
Mount San Jacinto College,msjc.edu,CA
Mount San Antonio College,mtsac.edu,CA
Napa Valley College,napavalley.edu,CA
Notre Dame de Namur University,ndnu.edu,CA
NewSchool of Architecture and Design,newschoolarch.edu,CA
Norco College,norcocollege.edu,CA
Naval Postgraduate School,nps.edu,CA
Ohlone College,ohlone.edu,CA
Orange Coast College,orangecoastcollege.edu,CA
Otis College of Art and Design,otis.edu,CA
Occidental College,oxy.edu,CA
University of the Pacific,pacific.edu,CA
Pacific College of Oriental Medicine,pacificcollege.edu,CA
Palomar College,palomar.edu,CA
Pasadena City College,pasadena.edu,CA
Pepperdine University,pepperdine.edu,CA
Peralta Community College District,peralta.edu,CA
Pierce College,piercecollege.edu,CA
Pitzer College,pitzer.edu,CA
Pacific Lutheran Theological Seminary,plts.edu,CA
Point Loma Nazarene University,pointloma.edu,CA
Pomona College,pomona.edu,CA
Porterville College,portervillecollege.edu,CA
Pacific School of Religion,psr.edu,CA
Riverside City College,rcc.edu,CA
Riverside Community College District,rccd.edu,CA
University of Redlands,redlands.edu,CA
College of the Redwoods,redwoods.edu,CA
Rio Hondo College,riohondo.edu,CA
Rosemead College,rosemeadcollege.edu,CA
Santa Ana College,sac.edu,CA
Saddleback College,saddleback.edu,CA
University of San Diego,sandiego.edu,CA
Santa Rosa Junior College,santarosa.edu,CA
Santa Barbara City College,sbcc.edu,CA
School of Continuing Education,sce.edu,CA
Scripps College,scrippscollege.edu,CA
Santa Clara University,scu.edu,CA
Southern California University of Health Sciences,scuhs.edu,CA
San Diego City College,sdcity.edu,CA
San Diego Mesa College,sdmesa.edu,CA
San Diego State University,sdsu.edu,CA
San Francisco State University,sfsu.edu,CA
Shasta College,shastacollege.edu,CA
The Institute of Buddhist Studies,shin-ibs.edu,CA
Sierra College,sierracollege.edu,CA
Simpson University,simpsonu.edu,CA
College of the Siskiyous,siskiyous.edu,CA
San Jose State University,sjsu.edu,CA
Starr King School for the Ministry,sksm.edu,CA
Skyline College,skylinecollege.edu,CA
Santa Monica College,smc.edu,CA
San Mateo County Community College,smccd.edu,CA
Soka University of America,soka.edu,CA
Solano Community College,solano.edu,CA
Sonoma State University,sonoma.edu,CA
Stanford University,stanford.edu,CA
Saint Mary's College,stmarys-ca.edu,CA
Taft College,taftcollege.edu,CA
Touro University California,tu.edu,CA
University of California Davis,ucdavis.edu,CA
University of California Hastings College of the Law,uchastings.edu,CA
University of California Irvine,uci.edu,CA
University of California Los Angeles,ucla.edu,CA
University of California Los Angeles Extension,uclaextension.edu,CA
University of California Merced,ucmerced.edu,CA
University of California,ucop.edu,CA
University of California Press,ucpress.edu,CA
University of California Riverside,ucr.edu,CA
University of California Santa Barbara,ucsb.edu,CA
University of California Santa Cruz,ucsc.edu,CA
University of California Santa Cruz Silicon Valley Extension,ucsc-extension.edu,CA
University of California San Diego,ucsd.edu,CA
University of California San Francisco,ucsf.edu,CA
University of California,universityofcalifornia.edu,CA
University of the Pacific,uop.edu,CA
University of Southern California,usc.edu,CA
University of San Francisco,usfca.edu,CA
San Bernardino Valley College,valleycollege.edu,CA
Ventura College,venturacollege.edu,CA
Victor Valley College,vvc.edu,CA
West Coast Baptist College,wcbc.edu,CA
Western University of Health Sciences,westernu.edu,CA
Westmont College,westmont.edu,CA
West Valley College,westvalley.edu,CA
West Hills Community College District,whccd.edu,CA
Whittier College,whittier.edu,CA
West Los Angeles College,wlac.edu,CA
Yuba Community College District,yccd.edu,CA
Yosemite Community College District,yosemite.edu,CA
Unitek College,unitekcollege.edu,CA
Vanguard University,vanguard.edu,CA
Southwestern College,swcc.edu,CA
Monterey Institute of International Studies,miis.edu,CA
Adams State University,adams.edu,CO
Auraria Higher Education Center,ahec.edu,CO
Aims Community College,aims.edu,CO
Arapahoe Community College,arapahoe.edu,CO
Community College of Aurora,ccaurora.edu,CO
Community College of Denver,ccd.edu,CO
Colorado Heights University,chu.edu,CO
University of Colorado Boulder,colorado.edu,CO
Colorado College,coloradocollege.edu,CO
Colorado Mesa University,coloradomesa.edu,CO
Colorado State University,colostate.edu,CO
Colorado State University-Pueblo,colostate-pueblo.edu,CO
University of Denver,du.edu,CO
Fort Lewis College,fortlewis.edu,CO
Front Range Community College,frontrange.edu,CO
Jones International University,jiu.edu,CO
Colorado School of Mines,mines.edu,CO
Metropolitan State University of Denver,msudenver.edu,CO
Naropa University,naropa.edu,CO
Pikes Peak Community College,ppcc.edu,CO
Pueblo Community College,pueblocc.edu,CO
Redstone College,redstone.edu,CO
Regis University,regis.edu,CO
University of the Rockies,rockies.edu,CO
Red Rocks Community College,rrcc.edu,CO
William Howard Taft University,taft.edu,CO
University Corporation for Atmospheric Research,ucar.edu,CO
University of Colorado Colorado Springs,uccs.edu,CO
University of Colorado Denver,ucdenver.edu,CO
University of Northern Colorado,unco.edu,CO
University of Colorado,cu.edu,CO
Western State Colorado University,western.edu,CO
Albertus Magnus College,albertus.edu,CT
Asnuntuck Community College,asnuntuck.edu,CT
Connecticut College,conncoll.edu,CT
Eastern Connecticut State University,easternct.edu,CT
Fairfield University,fairfield.edu,CT
Goodwin College,goodwin.edu,CT
University of Hartford,hartford.edu,CT
Hartford Seminary,hartsem.edu,CT
University of New Haven,newhaven.edu,CT
Queens University of Charlotte,quinnipiac.edu,CT
Quinebaug Valley Community College,qvcc.edu,CT
Sacred Heart University,sacredheart.edu,CT
Southern Connecticut State University,southernct.edu,CT
Three Rivers Community College,threerivers.edu,CT
Trinity College,trincoll.edu,CT
Tunxis Community College,tunxis.edu,CT
University of Connecticut Health Center,uchc.edu,CT
University of Connecticut,uconn.edu,CT
University of Saint Joseph Connecticut,usj.edu,CT
Western Connecticut State University,wcsu.edu,CT
Wesleyan University,wesleyan.edu,CT
Yale University,yale.edu,CT
American University,american.edu,DC
Carnegie Institution for Science,carnegiescience.edu,DC
The Catholic University of America,cua.edu,DC
Gallaudet University,gallaudet.edu,DC
Georgetown University,georgetown.edu,DC
The George Washington University,gwu.edu,DC
Howard University,howard.edu,DC
Johns Hopkins School of Advanced International Studies,sais-jhu.edu,DC
University of California Washington Center,ucdc.edu,DC
University of the District of Columbia,udc.edu,DC
Delaware State University,desu.edu,DE
Delaware Technical Community College,dtcc.edu,DE
Goldey-Beacom College,gbc.edu,DE
University of Delaware,udel.edu,DE
Wesley College,wesley.edu,DE
Wilmington University,wilmu.edu,DE
Carlos Albizu University,albizu.edu,FL
Acupuncture Massage College,amcollege.edu,FL
Atlantic Institute of Oriental Medicine,atom.edu,FL
Barry University,barry.edu,FL
Broward College,broward.edu,FL
College of Central Florida,cf.edu,FL
Chipola College,chipola.edu,FL
Bethune-Cookman University,cookman.edu,FL
Dade Medical College,dadmedical.edu,FL
Daytona State College,daytonastate.edu,FL
Eckerd College,eckerd.edu,FL
Edison State College,edison.edu,FL
Embry-Riddle Aeronautical University,erau.edu,FL
Everglades University,evergladesuniversity.edu,FL
Florida Atlantic University,fau.edu,FL
Florida Gulf Coast University,fgcu.edu,FL
Florida Institute of Technology,fit.edu,FL
Florida International University,fiu.edu,FL
Flagler College,flagler.edu,FL
Florida Southern College,flsouthern.edu,FL
Florida National University,fnu.edu,FL
Florida State College at Jacksonville,fscj.edu,FL
Florida State University,fsu.edu,FL
Gulf Coast State College,gulfcoast.edu,FL
Hillsborough Community College,hccfl.edu,FL
Jacksonville University,ju.edu,FL
Keiser University,keiseruniversity.edu,FL
Loraines Academy Incorporated,lorainesacademy.edu,FL
Lake Sumter State College,lssc.edu,FL
Lynn University,lynn.edu,FL
Millennia Atlantic University,maufl.edu,FL
Miami Dade College,mdc.edu,FL
University of Miami,miami.edu,FL
Miami International University of Art and Design,mymiu.edu,FL
New College of Florida,ncf.edu,FL
North Florida Community College,nfcc.edu,FL
Nova Southeastern University,nova.edu,FL
National University of Health Sciences,nuhs.edu,FL
Northwest Florida State College,nwfsc.edu,FL
Palm Beach State College,palmbeachstate.edu,FL
Palm Beach Atlantic University,pba.edu,FL
Pensacola State College,pensacolastate.edu,FL
Pasco-Hernando State College,phsc.edu,FL
Ringling College of Art and Design,ringling.edu,FL
Rollins College,rollins.edu,FL
Saint Leo University,saintleo.edu,FL
State College of Florida,scf.edu,FL
Seminole State College of Florida,seminolestate.edu,FL
Santa Fe College,sfcollege.edu,FL
South Florida State College,southflorida.edu,FL
Space Coast Health Institute,spacecoast.edu,FL
Saint Petersburg College,spcollege.edu,FL
Stetson University,stetson.edu,FL
Saint Thomas University,stu.edu,FL
Saint Vincent de Paul Regional Seminary,svdp.edu,FL
Traviss Career Center,traviss.edu,FL
University of Central Florida,ucf.edu,FL
University of Florida,ufl.edu,FL
University of North Florida,unf.edu,FL
University of South Florida,usf.edu,FL
University of South Florida Sarasota-Manatee,usfsm.edu,FL
University of South Florida Saint Petersburg,usfsp.edu,FL
University of Tampa,ut.edu,FL
University of West Florida,uwf.edu,FL
Valencia College,valenciacollege.edu,FL
Warner University,warner.edu,FL
Webber International University,webber.edu,FL
Agnes Scott College,agnesscott.edu,GA
Albany Technical College,albanytech.edu,GA
Armstrong Atlantic State University,armstrong.edu,GA
Atlanta Technical College,atlantatech.edu,GA
Atlanta Metropolitan State College,atlm.edu,GA
Berry College,berry.edu,GA
Carver College,carver.edu,GA
Child Care Education Institute,cceionline.edu,GA
Central Georgia Technical College,centralgatech.edu,GA
Clayton State University,clayton.edu,GA
Columbus State University,columbusstate.edu,GA
Columbus Technical College,columbustech.edu,GA
Covenant College,covenant.edu,GA
Dalton State,daltonstate.edu,GA
Darton State College,darton.edu,GA
East Georgia State College,ega.edu,GA
Emory University,emory.edu,GA
Georgia Institute of Technology,gatech.edu,GA
Georgia College,gcsu.edu,GA
Georgia Southern University,georgiasouthern.edu,GA
Georgia Gwinnett College,ggc.edu,GA
Georgia Perimeter College,gpc.edu,GA
Georgia Regents University Augusta,gru.edu,GA
Georgia State University,gsu.edu,GA
Georgia South Western State University,gsw.edu,GA
Interactive College of Technology,ict.edu,GA
Atlanta's John Marshall Law School,johnmarshall.edu,GA
Kennesaw State University,kennesaw.edu,GA
Lanier Technical College,laniertech.edu,GA
Life University,life.edu,GA
Mercer University,mercer.edu,GA
Middle Georgia State College,mga.edu,GA
Morehouse College,morehouse.edu,GA
Morehouse School of Medicine,msm.edu,GA
North Georgia Technical College,northgatech.edu,GA
Oglethorpe University,oglethorpe.edu,GA
Okefenokee Technical College,okefenokeetech.edu,GA
Paine College,paine.edu,GA
Pfeiffer University,pfeiffer.edu,GA
Piedmont College,piedmont.edu,GA
Reinhardt University,reinhardt.edu,GA
Savannah State University,savannahstate.edu,GA
Savannah College of Art and Design,scad.edu,GA
Shorter University,shorter.edu,GA
Southeastern Technical College,southeasterntech.edu,GA
Spelman College,spelman.edu,GA
Southern Polytechnic State University,spsu.edu,GA
Thomas University,thomasu.edu,GA
University of Georgia,uga.edu,GA
University of North Georgia,ung.edu,GA
University System of Georgia,usg.edu,GA
Valdosta State University,valdosta.edu,GA
University of West Georgia,westga.edu,GA
Wiregrass Georgia Technical College,wiregrass.edu,GA
Brigham Young University Hawaii,byuh.edu,HI
Chaminade University,chaminade.edu,HI
University of Hawaii at Manoa,hawaii.edu,HI
Mid-Pacific Institute,midpac.edu,HI
AIB College of Business,aib.edu,IA
Central College,central.edu,IA
Coe College,coe.edu,IA
Cornell College,cornellcollege.edu,IA
Des Moines Area Community College,dmacc.edu,IA
Dordt College,dordt.edu,IA
Drake University,drake.edu,IA
Divine Word College,dwci.edu,IA
Eastern Iowa Community Colleges,eicc.edu,IA
Grinnell College,grinnell.edu,IA
Hawkeye Community College,hawkeyecollege.edu,IA
Iowa State University,iastate.edu,IA
Iowa Central Community College,iowacentral.edu,IA
Iowa Wesleyan College,iwc.edu,IA
Iowa Western Community College,iwcc.edu,IA
Kaplan University,kaplanuniversity.edu,IA
Kirkwood Community College,kirkwood.edu,IA
La' James College,lajames.edu,IA
Loras College,loras.edu,IA
Luther College,luther.edu,IA
Maharishi University of Management,mum.edu,IA
Northeast Iowa Community College,nicc.edu,IA
Palmer College of Chiropractic,palmer.edu,IA
Saint Ambrose University,sau.edu,IA
Simpson College,simpson.edu,IA
Southwestern Community College,swcciowa.edu,IA
Univeristy of Iowa,uiowa.edu,IA
Upper Iowa University,uiu.edu,IA
University of Northern Iowa,uni.edu,IA
Wartburg College,wartburg.edu,IA
Waldorf College,waldorf.edu,IA
Boise State University,boisestate.edu,ID
Brigham Young University Idaho,byui.edu,ID
The College of Idaho,collegeofidaho.edu,ID
College of Southern Idaho,csi.edu,ID
Idaho State University,isu.edu,ID
University of Idaho,uidaho.edu,ID
Augustana College,augustana.edu,IL
Aurora University,aurora.edu,IL
Benedictine University,ben.edu,IL
Bradley University,bradley.edu,IL
City Colleges of Chicago,ccc.edu,IL
The University of Chicago Booth School of Business,chicagobooth.edu,IL
College of Lake County,clcillinois.edu,IL
College of DuPage,cod.edu,IL
Columbia College Chicago,colum.edu,IL
Danville Area Community College,dacc.edu,IL
DePaul University,depaul.edu,IL
Dominican University,dom.edu,IL
Eastern Illinois University,eiu.edu,IL
Elmhurst College,elmhurst.edu,IL
Governors State,govst.edu,IL
Greenville College,greenville.edu,IL
The Hadley School for the Blind,hadley.edu,IL
Harper College,harpercollege.edu,IL
Heartland Community College,heartland.edu,IL
Illinois Central College,icc.edu,IL
Illinois College of Optometry,ico.edu,IL
Illinois Institute of Technology,iit.edu,IL
University of Illinois at Urbana-Champaign,illinois.edu,IL
Illinois State University,illinoisstate.edu,IL
Illinois Mathematics and Science Academy,imsa.edu,IL
Illinois Valley Community College,ivcc.edu,IL
Illinois Wesleyan University,iwu.edu,IL
John A. Logan College,jalc.edu,IL
Joliet Junior College,jjc.edu,IL
The John Marshall Law School,jmls.edu,IL
Judson University,judsonu.edu,IL
Kaskaskia College,kaskaskia.edu,IL
Kankakee Community College,kcc.edu,IL
IIT Chicago-Kent College of Law,iit.edu,IL
Kishwaukee College,kishwaukeecollege.edu,IL
Knox College,knox.edu,IL
Lake Forest College,lakeforest.edu,IL
Lakeview College of Nursing,lakeviewcol.edu,IL
Lewis and Clark Community College,lc.edu,IL
Lewis University,lewisu.edu,IL
Lincoln Land Community College,llcc.edu,IL
Loyola University Chicago,luc.edu,IL
Midwestern Career College,mccollege.edu,IL
McHenry County College,mchenry.edu,IL
McKendree University,mckendree.edu,IL
Midwestern University,midwestern.edu,IL
Monmouth College,monmouthcollege.edu,IL
Moraine Valley Community College,morainevalley.edu,IL
Morton College,morton.edu,IL
Northeastern Illinois University,neiu.edu,IL
Northern Illinois University,niu.edu,IL
National Louis University,nl.edu,IL
North Park University,northpark.edu,IL
Northwestern University,northwestern.edu,IL
Oakton Community College,oakton.edu,IL
Olivet Nazarene University,olivet.edu,IL
Chicago ORT Technical Institute,ortchicagotech.edu,IL
Parkland College,parkland.edu,IL
Prairie State College,prairiestate.edu,IL
Principia College,principiacollege.edu,IL
Resurrection University,resu.edu,IL
Robert Morris University Illinois,robertmorris.edu,IL
Rockford University,rockford.edu,IL
Rock Valley College,rockvalleycollege.edu,IL
Roosevelt University,roosevelt.edu,IL
Rosalind Franklin University,rosalindfranklin.edu,IL
Saint Anthony College of Nursing,sacn.edu,IL
School of the Art Institute of Chicago,saic.edu,IL
Saint Francis Medical Center College of Nursing,sfmccon.edu,IL
Shawnee Community College,shawneecc.edu,IL
Southeastern Illinois College,sic.edu,IL
Southern Illinois University,siu.edu,IL
Southern Illinois University Edwardsville,siue.edu,IL
Spoon River College,src.edu,IL
South Suburban College,ssc.edu,IL
University of Saint Francis,stfrancis.edu,IL
Southwestern Illinois College,swic.edu,IL
Saint Xavier University,scu.edu,IL
Trinity Christian College,trnty.edu,IL
University of Chicago,uchicago.edu,IL
University of Illinois at Chicago,uic.edu,IL
University of Illinois,uillinois.edu,IL
University of Illinois Springfield,uis.edu,IL
University of Illinois at Urbana-Champaign,illinois.edu,IL
Waubonsee Community College,waubonsee.edu,IL
Wheaton College,wheaton.edu,IL
Western Illinois University,wiu.edu,IL
Saint John's College,stjohnscollegespringfield.edu,Ill
Anabaptist Mennonite Biblical Seminary,ambs.edu,IN
Anderson University,anderson.edu,IN
Bethel College Indiana,bethelcollege.edu,IN
Brown Mackie College,brownmackie.edu,IN
Ball State University,bsu.edu,IN
Butler University,butler.edu,IN
DePauw University,depauw.edu,IN
Earlham College,earlham.edu,IN
University of Evansville,evansville.edu,IN
Goshen College,goshen.edu,IN
Grace College and Seminary,grace.edu,IN
Hanover College,hanover.edu,IN
Harrison College,harrison.edu,IN
Holy Cross College,hcc-nd.edu,IN
Indiana University,indiana.edu,IN
Indiana State University,indstate.edu,IN
Indiana Wesleyan University,indwes.edu,IN
Indiana University - Purdue University Fort Wayne,ipfw.edu,IN
Indiana University,iu.edu,IN
Indiana University Bloomington,iub.edu,IN
Indiana University East,iue.edu,IN
Indiana University Northwest,iun.edu,IN
Indiana University - Purdue University Indianapolis,iupui.edu,IN
Indiana University Southeast,ius.edu,IN
Indiana University South Bend,iusb.edu,IN
Ivy Tech Community College,ivytech.edu,IN
Manchester University,manchester.edu,IN
Marian University Indianapolis,marian.edu,IN
University of Notre Dame,nd.edu,IN
Oakland City University,oak.edu,IN
Purdue University North Central,pnc.edu,IN
Purdue University,purdue.edu,IN
Purdue University Calumet,purduecal.edu,IN
Rose-Hulman Institute of Technology,rose-hulman.edu,IN
Saint Mary's College,saintmarys.edu,IN
Trine University,trine.edu,IN
University of Indianapolis,uindy.edu,IN
University of Southern Indiana,usi.edu,IN
Valparaiso University,valpo.edu,IN
Wabash College,wabash.edu,IN
Benedictine College,benedictine.edu,KS
Butler Community College,butlercc.edu,KS
Emporia State University,emporia.edu,KS
Fort Hays State University,fhsu.edu,KS
Flint Hills Technical College,fhtc.edu,KS
Fort Scott Community College,fortscott.edu,KS
Garden City Community College,gcccks.edu,KS
Hesston College,hesston.edu,KS
Highland Community College,highlandcc.edu,KS
Johnson County Community College,jccc.edu,KS
Kansas City Kansas Community College,kckcc.edu,KS
Kansas State University,k-state.edu,KS
The University of Kansas,ku.edu,KS
McPherson College,mcpherson.edu,KS
Neosho County Community College,neosho.edu,KS
Newman University,newmanu.edu,KS
Pittsburg State University,pittstate.edu,KS
Saint Paul School of Theology and Ministry,spst.edu,KS
Sterling College,sterling.edu,KS
University of Saint Mary,stmary.edu,KS
Washburn University,washburn.edu,KS
Washburn University School of Law,washburnlaw.edu,KS
Wichita State University,wichita.edu,KS
Asbury University,asbury.edu,KY
Bellarmine University,bellarmine.edu,KY
Berea College,berea.edu,KY
Centre College,centre.edu,KY
Eastern Kentucky University,eku.edu,KY
Frontier Nursing University,frontier.edu,KY
Georgetown College,georgetowncollege.edu,KY
Kentucky Community and Technical College System,kctcs.edu,KY
Kentucky Christian University,kcu.edu,KY
Kentucky State University,kysu.edu,KY
Lindsey Wilson College,lindsey.edu,KY
The University of Louisville,louisville.edu,KY
Midway College,midway.edu,KY
Morehead State University,moreheadstate.edu,KY
Murray State University,murraystate.edu,KY
Northern Kentucky University,nku.edu,KY
The Southern Baptist Theological Seminary,sbts.edu,KY
Saint Catharine College,sccky.edu,KY
Sullivan University,sullivan.edu,KY
University of the Cumberlands,ucumberlands.edu,KY
Western Kentucky University,wku.edu,KY
Bossier Parish Community College,bpcc.edu,LA
Centenary College of Louisiana,centenary.edu,LA
Louisiana Tech University,latech.edu,LA
Louisiana Culinary Institute,lci.edu,LA
University of Louisiana Lafayette,louisiana.edu,LA
Loyola University New Orleans,loyno.edu,LA
Louisiana State University,lsu.edu,LA
Louisiana State University - Eunice,lsue.edu,LA
LSU Health Sciences Center - New Orleans,lsuhsc.edu,LA
LSU Health Sciences Center - New Orleans,lsuhscshreveport.edu,LA
Louisiana State University System,lsusystem.edu,LA
Nicholls State University,nicholls.edu,LA
New Orleans Baptist Theological Seminary,nobts.edu,LA
Nunez Community College,nunez.edu,LA
Southeastern Louisiana University,southeastern.edu,LA
Southern University,subr.edu,LA
Tulane University,tulane.edu,LA
University of Louisiana at Monroe,ulm.edu,LA
University of New Orleans,uno.edu,LA
Xavier University of Louisiana,xula.edu,LA
Amherst College,amherst.edu,MA
Assumption College,assumption.edu,MA
Babson College,babson.edu,MA
Boston College,bc.edu,MA
Bentley University,bentley.edu,MA
Berklee College of Music,berklee.edu,MA
Berkshire Community College,berkshirecc.edu,MA
The Boston Conservatory,bostonconservatory.edu,MA
Brandeis University,brandeis.edu,MA
Bridgewater State University,bridgew.edu,MA
Boston University,bu.edu,MA
Cambridge College,cambridgecollege.edu,MA
Clark University,clarku.edu,MA
Curry College,curry.edu,MA
Elms College,elms.edu,MA
Emerson College,emerson.edu,MA
Emmanuel College,emmanuel.edu,MA
Endicott College,endicott.edu,MA
Fitchburg State University,fitchburgstate.edu,MA
Framingham State University,framingham.edu,MA
Gordon Conwell Theological Seminary,gordonconwell.edu,MA
Gordon College,gordon.edu,MA
Hampshire College,hampshire.edu,MA
Harvard University,harvard.edu,MA
Harvard Business School,hbs.edu,MA
College of the Holy Cross,holycross.edu,MA
Lesley University,lesley.edu,MA
Massachusetts Maritime Academy,maritime.edu,MA
Massachusetts Department of Higher Education,mass.edu,MA
Massachusetts College of Art and Design,massart.edu,MA
MassBay Community College,massbay.edu,MA
Marine Biological Laboratory,mbl.edu,MA
Merrimack Education Center,mec.edu,MA
Merrimack College,merrimack.edu,MA
MGH Institute of Health Professions,mghihp.edu,MA
Milton Academy,milton.edu,MA
Massachusetts Institute of Technology,mit.edu,MA
Montserrat College of Art,montserrat.edu,MA
Mount Ida College,mountida.edu,MA
Mount Holyoke College,mtholyoke.edu,MA
Middlesex Community College,mxcc.edu,MA
Middlesex School,mxschool.edu,MA
North Bennet Street School,nbss.edu,MA
New England Law - Boston,nesl.edu,MA
Northeastern University,northeastern.edu,MA
Olin College of Engineering,olin.edu,MA
Salem State University,salemstate.edu,MA
Simmons College,simmons.edu,MA
Smith College,smith.edu,MA
Spa Tech Institute,spatech.edu,MA
Springfield College,springfieldcollege.edu,MA
Springfield Technical Community College,stcc.edu,MA
Suffolk University,suffolk.edu,MA
Boston Architectural College,the-bac.edu,MA
Tufts University,tufts.edu,MA
University of Massachusetts Amherst,umass.edu,MA
University of Massachusetts Dartmouth,umassd.edu,MA
University of Massachusetts Medical School,umassmed.edu,MA
University of Massachusetts,umassp.edu,MA
University of Massachusetts Boston,umb.edu,MA
University of Massachusetts Lowell,uml.edu,MA
Wellesley College,wellesley.edu,MA
"Wheaton College, Norton",wheatoncollege.edu,MA
Wheelock College,wheelock.edu,MA
Williams College,williams.edu,MA
Western New England University,wne.edu,MA
Worcester State University,worcester.edu,MA
Worcester Polytechnic Institute,wpi.edu,MA
Anne Arundel Community College,aacc.edu,MD
Baltimore City Community College,bccc.edu,MD
Bowie State University,bowiestate.edu,MD
Carroll Community College,carrollcc.edu,MD
The Community College of Baltimore County,ccbcmd.edu,MD
Chesapeake College,chesapeake.edu,MD
Coppin State University,coppin.edu,MD
College of Southern Maryland,csmd.edu,MD
Frederick Community College,frederick.edu,MD
Frostburg State University,frostburg.edu,MD
Garrett College,garrettcollege.edu,MD
Goucher College,goucher.edu,MD
Hagerstown Community College,hagerstowncc.edu,MD
Harford Community College,harford.edu,MD
Hood College,hood.edu,MD
Howard Community College,howardcc.edu,MD
Johns Hopkins Bloomberg School of Public Health,jhsph.edu,MD
Johns Hopkins University,jhu.edu,MD
Loyola University Maryland,loyola.edu,MD
Montgomery Blair High School,mbhs.edu,MD
McDaniel College,mcdaniel.edu,MD
Maryland Institute College of Art,mica.edu,MD
Montgomery College,montgomerycollege.edu,MD
Mount Saint Mary's University,msmary.edu,MD
Maryland University of Integrative Health,muih.edu,MD
Prince George's Community College,pgcc.edu,MD
Salisbury University,salisbury.edu,MD
Sojourner-Douglass College,sdc.edu,MD
Saint Mary's College of Maryland,smcm.edu,MD
Saint James School,stjames.edu,MD
Towson University,towson.edu,MD
University of Baltimore,ubalt.edu,MD
University of Maryland,umaryland.edu,MD
University of Maryland Baltimore County,umbc.edu,MD
University of Maryland,umd.edu,MD
University of Maryland University College,umuc.edu,MD
University System of Maryland,usmd.edu,MD
United States Naval Academy,usna.edu,MD
Washington College,washcoll.edu,MD
Wor-Wic Community College,worwic.edu,MD
Saint John's College,sjc.edu,MD
Bates College,bates.edu,ME
Bowdoin College,bowdoin.edu,ME
Central Maine Community College,cmcc.edu,ME
College of the Atlantic,coa.edu,ME
Colby College,colby.edu,ME
Husson University,husson.edu,ME
Maine Maritime Academy,mainemaritime.edu,ME
Northern Maine Community College,nmcc.edu,ME
Saint Joseph's College,sjcme.edu,ME
Southern Maine Community College,smccme.edu,ME
University of Maine,umaine.edu,ME
University of Maine Fort Kent,umfk.edu,ME
University of Maine at Presque Isle,umpi.edu,ME
University of New England,une.edu,ME
Unity College,unity.edu,ME
York County Community College,yccc.edu,ME
University of Main at Augusta,uma.edu,ME
Adrian College,adrian.edu,MI
Albion College,albion.edu,MI
Alma College,alma.edu,MI
Alpena Community College,alpenacc.edu,MI
Andrews University,andrews.edu,MI
Aquinas College,aquinas.edu,MI
Baker College,baker.edu,MI
Bay College,baycollege.edu,MI
Calvin College,calvin.edu,MI
Central Michigan University,cmich.edu,MI
College for Creative Studies,collegeforcreativestudies.edu,MI
Cornerstone University,cornerstone.edu,MI
Davenport University,davenport.edu,MI
Delta College,delta.edu,MI
Douglas J. Aveda Institute,douglasj.edu,MI
Eastern Michigan University,emich.edu,MI
Ferris State University,ferris.edu,MI
Finlandia University,finlandia.edu,MI
Grand Rapids Community College,grcc.edu,MI
Grand Valley State University,gvsu.edu,MI
Henry Ford College,hfcc.edu,MI
Hillsdale College,hillsdale.edu,MI
Hope College,hope.edu,MI
Jackson College,jccmi.edu,MI
Kettering University,kettering.edu,MI
Kalamazoo Valley Community College,kvcc.edu,MI
Kalamazoo College,kzoo.edu,MI
Lake Michigan College,lakemichigancollege.edu,MI
Lansing Community College,lcc.edu,MI
Lake Superior State University,lssu.edu,MI
Lawrence Technological University,ltu.edu,MI
Macomb Community College,macomb.edu,MI
Marygrove College,marygrove.edu,MI
Monroe County Community College,monroeccc.edu,MI
Michigan State University,msu.edu,MI
Michigan Technological University,mtu.edu,MI
Northwestern Michigan College,nmc.edu,MI
Northern Michigan University,nmu.edu,MI
Oakland Univeristy,oakland.edu,MI
Oakland Community College,oaklandcc.edu,MI
Saginaw Chippewa Tribal College,sagchip.edu,MI
Saginaw Valley State University,svsu.edu,MI
University of Detroit Mercy,udmercy.edu,MI
University of Michigan-Flint,umflint.edu,MI
University of Michigan,umich.edu,MI
Wayne State,wayne.edu,MI
Washtenaw Community College,wccnet.edu,MI
Western Michigan University,wmich.edu,MI
Alexandria Technical & Community College,alextech.edu,MN
Anoka-Ramsey Community College,anokaramsey.edu,MN
Augsburg College,augsburg.edu,MN
Bemidji State University,bemidjistate.edu,MN
Bethel University,bethel.edu,MN
Carleton College,carleton.edu,MN
Century College,century.edu,MN
Central Lakes College,clcmn.edu,MN
Concordia College,cord.edu,MN
Crown College,crown.edu,MN
"College of Saint Benedict, Saint John's University",csbsju.edu,MN
Concordia University Saint Paul,csp.edu,MN
The College of Saint Scholastica,css.edu,MN
Dakota County Technical College,dctc.edu,MN
Gustavus Adolphus College,gustavus.edu,MN
Globe University,globeuniversity.edu,MN
Hamline University,hamline.edu,MN
Inver Hills Community College,inverhills.edu,MN
Institute of Production and Recording,ipr.edu,MN
Leech Lake Tribal College,lltc.edu,MN
Luther Seminary,luthersem.edu,MN
Macalester College,macalester.edu,MN
McNally Smith College of Music,mcnallysmith.edu,MN
Mesabi Range College,mesabirange.edu,MN
Metropolitan State University,metrostate.edu,MN
Minnesota State University Moorhead,mnstate.edu,MN
Minnesota State University Mankato,mnsu.edu,MN
North Hennepin Community College,nhcc.edu,MN
Normandale Community College,normandale.edu,MN
Rasmussen College,rasmussen.edu,MN
Ridgewater College,ridgewater.edu,MN
Southwest Minnesota State University,smsu.edu,MN
Saint Mary's University of Minnesota,smumn.edu,MN
South Central College,southcentral.edu,MN
Saint Cloud State University,stcloudstate.edu,MN
Saint Olaf College,stolaf.edu,MN
University of Saint Thomas,stthomas.edu,MN
University of Minnesota,umn.edu,MN
United Theological Seminary of the Twin Cities,unitedseminary.edu,MN
University of Northwestern Saint Paul,unwsp.edu,MN
Walden University,waldenu.edu,MN
Winona State Unviversity,winona.edu,MN
Assemblies of God Theological Seminary,agts.edu,MO
Aquinas Institute of Theology,ai.edu,MO
A.T. Still University,atsu.edu,MO
Avila University,avila.edu,MO
Columbia College,ccis.edu,MO
Central Methodist University,centralmethodist.edu,MO
Crowder College,crowder.edu,MO
Culver-Stockton College,culver.edu,MO
Drury University,drury.edu,MO
Evangel University,evangel.edu,MO
Fontbonne University,fontbonne.edu,MO
Hannibal-LaGrange,hlg.edu,MO
Harris-Stowe State University,hssu.edu,MO
Jefferson College,jeffco.edu,MO
Kansas City University of Medicine and Biosciences,kcumb.edu,MO
Lincoln University,lincolne.edu,MO
Lindenwood University,lindenwood.edu,MO
Linn State Technical College,linnstate.edu,MO
Maryville University,maryville.edu,MO
Metropolitan Community College,mcckc.edu,MO
Mineral Area College,mineralarea.edu,MO
Mizzou University of Missouri,missouri.edu,MO
Missouri State University,missouristate.edu,MO
Missouri Valley College,moval.edu,MO
Missouri Southern State University,mssu.edu,MO
Missouri University of Science and Technology,mst.edu,MO
North Central Missouri College,ncmissouri.edu,MO
Nazarene Theological Seminary,nts.edu,MO
Northwest Missouri State University,nwmissouri.edu,MO
Ozarks Technical Community College,otc.edu,MO
Park University,park.edu,MO
Rockhurst University,rockhurst.edu,MO
Southwest Baptist University,sbuniv.edu,MO
South Central Career Center,scccwp.edu,MO
Southeast Missouri State University,semo.edu,MO
Saint Louis University,slu.edu,MO
Saint Charles Community College,stchas.edu,MO
Saint Louis Community College,stlcc.edu,MO
Truman State University,truman.edu,MO
University of Central Missouri,ucmo.edu,MO
University of Missouri Kansas City,umkc.edu,MO
University of Missouri Saint Louis,umsl.edu,MO
University of Missouri System,umsystem.edu,MO
Webster University,webster.edu,MO
"Westminster College, Missouri",westminster-mo.edu,MO
Washington University in Saint Louis,wustl.edu,MO
Alcorn State University,alcorn.edu,MS
Belhaven University,belhaven.edu,MS
Delta State University,deltastate.edu,MS
East Mississippi Community College,eastms.edu,MS
Jackson State University,jsums.edu,MS
Mississippi Gulf Coast Community College,mgccc.edu,MS
Mississippi State University,mssstate.edu,MS
Northeast Mississippi Community College,nemcc.edu,MS
The University of Mississippi,olemiss.edu,MS
Pearl River Community College,prcc.edu,MS
Reformed Theological Seminary,rts.edu,MS
University of Mississippi Medical Center,umc.edu,MS
University of Southern Mississippi,usm.edu,MS
William Carey University,wmcarey.edu,MS
Itawamba Community College,iccms.edu,MS
Blackfeet Community College,bfcc.edu,MT
Carroll College,carroll.edu,MT
Fort Peck Community College,fpcc.edu,MT
Flathead Valley Community College,fvcc.edu,MT
Miles Community College,milescc.edu,MT
Montana State University,montana.edu,MT
Montana State University Billings,msubillings.edu,MT
Montana State University - Northern,msun.edu,MT
Montana Tech of the University of Montana,mtech.edu,MT
Montana University System,mus.edu,MT
Rocky Mountain College,rocky.edu,MT
University of Montana Helena College,umhelena.edu,MT
University of Montana,umt.edu,MT
University of Montana Western,umwestern.edu,MT
Asheville-Buncombe Technical Community College,abtech.edu,NC
Alamance Community College,alamancecc.edu,NC
Appalachian State University,appstate.edu,NC
Bladen Community College,bladencc.edu,NC
Body Therapy Institute,bti.edu,NC
Campbell University,campbell.edu,NC
Cape Fear Community College,cfcc.edu,NC
Charlotte School of Law,charlottelaw.edu,NC
Chowan University,chowan.edu,NC
Central Piedmont Community College,cpcc.edu,NC
Craven Community College,cravencc.edu,NC
Davidson College,davidson.edu,NC
Duke University,duke.edu,NC
Durham Technical Community College,durhamtech.edu,NC
Elizabeth City State University,ecsu.edu,NC
East Carolina University,ecu.edu,NC
Elon University,elon.edu,NC
Fayetteville Technical Community College,faytechcc.edu,NC
Forsyth Technical Community College,forsythtech.edu,NC
Gardner-Webb University,gardner-webb.edu,NC
Gaston College,gaston.edu,NC
Guilford Technical Community College,gtcc.edu,NC
Heritage Bible College,heritagebiblecollege.edu,NC
High Point University,highpoint.edu,NC
Isothermal Community College,isothermal.edu,NC
Lenoir Community College,lenoircc.edu,NC
Lees McRae College,lmc.edu,NC
Methodist University,methodist.edu,NC
The University of Mount Olive,umo.edu,NC
Montgomery Community College,montgomery.edu,NC
North Carolina Central University,nccu.edu,NC
North Carolina School of Science and Mathematics,ncssm.edu,NC
North Carolina State University,ncsu.edu,NC
North Carolina Wesleyan College,ncwc.edu,NC
New Life Theological Seminary,nlts.edu,NC
University of North Carolina,northcarolina.edu,NC
Piedmont Community College,piedmontcc.edu,NC
Pitt Community College,pittcc.edu,NC
Queens University of Charlotte,queens.edu,NC
Randolph Community College,randolph.edu,NC
Roanoke-Chowan Community College,roanokechowan.edu,NC
Salem College,salem.edu,NC
Sampson Community College,sampsoncc.edu,NC
Sandhills Community College,sandhills.edu,NC
Saint Andrews University,sapc.edu,NC
Southeastern Community College,sccnc.edu,NC
Southeastern Baptist Theological Seminary,sebts.edu,NC
Shaw University,shawu.edu,NC
Southwestern Community College,southwesterncc.edu,NC
South Piedmont Community College,spcc.edu,NC
Stanly Community College,stanly.edu,NC
Saint Augustine's University,st-aug.edu,NC
University of North Carolina at Chapel Hill,unc.edu,NC
University of North Carolina Asheville,unca.edu,NC
University of North Carolina Charlotte,uncc.edu,NC
University of North Carolina Greensboro,uncg.edu,NC
University of North Carolina Pembroke,uncp.edu,NC
University of North Carolina School of the Arts,uncsa.edu,NC
University of North Carolina Wilmington,uncw.edu,NC
Vance-Granville Community College,vgcc.edu,NC
Wake Technical Community College,waketech.edu,NC
Warren Wilson College,warren-wilson.edu,NC
Western Carolina University,wcu.edu,NC
Wake Forest University,wfu.edu,NC
Western Piedmont Community College,wpcc.edu,NC
Winston-Salem State University,wssu.edu,NC
Dakota College at Bottineau,dakotacollege.edu,ND
Mayville State University,mayvillestate.edu,ND
Minot State University,minotstateu.edu,ND
North Dakota State University,ndsu.edu,ND
North Dakota University System,ndus.edu,ND
Turtle Mountain Community College,tm.edu,ND
University of North Dakota,und.edu,ND
United Tribes Technical College,utcc.edu,ND
Valley City State University,vcsu.edu,ND
Williston State College,willistonstate.edu,ND
Bellevue University,bellevue.edu,NE
Bryan College of Health Sciences,bryanhealth.com,NE
Creighton University,creighton.edu,NE
Chadron State College,csc.edu,NE
Concordia University Nebraska,cune.edu,NE
Joseph's College,josephscollege.edu,NE
Little Priest Tribal College,littlepriest.edu,NE
Mid-Plains Community College,mpcc.edu,NE
University of Nebraska,nebraska.edu,NE
Northeast Community College,northeast.edu,NE
Union College,ucollege.edu,NE
University of Nebraska at Kearney,unk.edu,NE
University of Nebraska at Lincoln,unl.edu,NE
University of Nebraska Medical Center,unmc.edu,NE
University of Nebraska Omaha,unomaha.edu,NE
Wayne State College,wsc.edu,NE
Saint Anselm College,anselm.edu,NH
Antioch University New England,antiochne.edu,NH
Community College System of New Hampshire,ccsnh.edu,NH
Colby Sawyer College,colby-sawyer.edu,NH
Dartmouth College,dartmouth.edu,NH
Phillips Exeter Academy,exeter.edu,NH
Granite State College,granite.edu,NH
Keene State College,keene.edu,NH
Manchester Community College,mccnh.edu,NH
Mount Washington College,mountwashington.edu,NH
Nashua Community College,nashuacc.edu,NH
New England College,nec.edu,NH
NHTI Concord's Community College,nhti.edu,NH
Plymouth State University,plymouth.edu,NH
Rivier University,rivier.edu,NH
Southern New Hampshire University,snhu.edu,NH
University of New Hampshire,unh.edu,NH
White Mountains Community College,wmcc.edu,NH
Atlantic Cape Community College,atlantic.edu,NJ
Burlington County College,bcc.edu,NJ
Bergen Community College,bergen.edu,NJ
Brookdale Community College,brookdalecc.edu,NJ
Centenary College of New Jersey,centenarycollege.edu,NJ
Drew University,drew.edu,NJ
Eastwick College,eastwickcollege.edu,NJ
Fairleigh Dickinson University,fdu.edu,NJ
Felician College,felician.edu,NJ
Fortis Institute,fortis.edu,NJ
Georgian Court University,georgian.edu,NJ
Kean University,kean.edu,NJ
Mercer County Community College,mccc.edu,NJ
Middlesex County College,middlesexcc.edu,NJ
Monmouth University,monmouth.edu,NJ
Montclair State University,montclair.edu,NJ
New Jersey City University,njcu.edu,NJ
New Jersey Institute of Technology,njit.edu,NJ
Ocean County College,ocean.edu,NJ
Princeton University,princeton.edu,NJ
Princeton Theological Seminary,ptsem.edu,NJ
Ramapo College of New Jersey,ramapo.edu,NJ
Raritan Valley Community College,raritanval.edu,NJ
Rider University,rider.edu,NJ
Rowan University,rowan.edu,NJ
Rutgers University,rutgers.edu,NJ
Seton Hall University,shu.edu,NJ
Stenotech Career Institute,stenotech.edu,NJ
Stevens Institute of Technology,stevens.edu,NJ
Stockton College,stockton.edu,NJ
Sussex County Community College,sussex.edu,NJ
The College of New Jersey,tcnj.edu,NJ
Thomas Edison State College,tesc.edu,NJ
William Paterson University,wpunj.edu,NJ
County College of Morris,ccm.edu,NJ
Camden County College,camdencc.edu,NJ
Passaic County Community College,pccc.edu,NJ
Ross University,rossu.edu,NJ
Central New Mexico,cnm.edu,NM
Eastern New Mexico University,enmu.edu,NM
New Mexico Highlands University,nmhu.edu,NM
New Mexico State University,nmsu.edu,NM
New Mexico State University Alamogordo,nmsua.edu,NM
New Mexico Institute of Mining and Technology,nmt.edu,NM
Northern New Mexico College,nnmc.edu,NM
San Juan College,sanjuancollege.edu,NM
Southwestern College,swc.edu,NM
Univeristy of New Mexico,unm.edu,NM
University of the Southwest,usw.edu,NM
College of Southern Nevada,csn.edu,NV
Great Basin College,gbcnv.edu,NV
Pima Medical Institute,pmi.edu,NV
Sierra Nevada College,sierranevada.edu,NV
Truckee Meadows Community College,tmcc.edu,NV
University of Nevada Las Vegas,unlv.edu,NV
University of Nevada Reno,unr.edu,NV
Western Nevada College,wnc.edu,NV
Adelphi University,adelphi.edu,NY
University at Albany,albany.edu,NY
Alfred University,alfred.edu,NY
The American Musical and Dramatic Academy,amda.edu,NY
ASA College,asa.edu,NY
Bard College,bard.edu,NY
Barnard College,barnard.edu,NY
Binghamton University,binghamton.edu,NY
The College at Brockport,brockport.edu,NY
University at Buffalo,buffalo.edu,NY
Buffalo State University,buffalostate.edu,NY
Cazenovia College,cazenovia.edu,NY
Clarkson University,clarkson.edu,NY
Clinton Community College,clinton.edu,NY
The College of New Rochelle,cnr.edu,NY
Cobleskill University,cobleskill.edu,NY
Colgate University,colgate.edu,NY
Columbia University in the City of New York,columbia.edu,NY
Concordia College New York,concordia-ny.edu,NY
The Cooper Union,cooper.edu,NY
Cornell University,cornell.edu,NY
Cortland College,cortland.edu,NY
The City University of New York,cuny.edu,NY
The College of Westchester,cw.edu,NY
Daemen College,daemen.edu,NY
Dominican College,dc.edu,NY
Delhi State University of New York,delhi.edu,NY
Dowling College,dowling.edu,NY
D'Youville College,dyc.edu,NY
Erie Community College State University of New York,ecc.edu,NY
Elim Bible Institute,elim.edu,NY
Elmira College,elmira.edu,NY
Empire State College,esc.edu,NY
College of Environmental Science and Forestry,esf.edu,NY
Farmingdale State College,farmingdale.edu,NY
Fashion Institute of Technology,fitnyc.edu,NY
Finger Lakes Community College,flcc.edu,NY
Fordham University,fordham.edu,NY
Fredonia University,fredonia.edu,NY
Five Towns College,ftc.edu,NY
Geneseo University,geneseo.edu,NY
Globe Institute of Technology,globe.edu,NY
The General Theological Seminary,gts.edu,NY
Hamilton College,hamilton.edu,NY
Hartwick College,hartwick.edu,NY
Herkimer College,herkimer.edu,NY
Hofstra University,hofstra.edu,NY
Hudson Valley Community College,hvcc.edu,NY
Hobart and William Smith Colleges,hws.edu,NY
Institute of Design and Construction,idc.edu,NY
Iona College,iona.edu,NY
Ithaca College,ithaca.edu,NY
The Jewish Theological Seminary,jtsa.edu,NY
The Juilliard School,juilliard.edu,NY
Keuka College,keuka.edu,NY
Lehman College,lehman.edu,NY
Le Moyne,lemoyne.edu,NY
Lim College,limcollege.edu,NY
Long Island University,liu.edu,NY
Manhattan College,manhattan.edu,NY
Marist College,marist.edu,NY
Metropolitan College of New York,mcny.edu,NY
Mercy College,mercy.edu,NY
Marymount Manhattan College,mmm.edu,NY
Monroe Community College,monroecc.edu,NY
Morrisville State College,morrisville.edu,NY
Mount Saint Marry College,msmc.edu,NY
Icahn School of Medicine at Mount Sinai,mssm.edu,NY
Manhattanville College,mville.edu,NY
Nazareth College,naz.edu,NY
Nassau Community College,ncc.edu,NY
New Paltz,newpaltz.edu,NY
The New School,newschool.edu,NY
Niagara University,niagara.edu,NY
Nyack College,nyack.edu,NY
New York College of Health Professions,nycollege.edu,NY
New York Film Academy,nyfa.edu,NY
New York Institute of Technology,nyit.edu,NY
New York University,nyu.edu,NY
State University of New York at Oneonta,oneonta.edu,NY
State University of New York at Oswego,oswego.edu,NY
Pace University,pace.edu,NY
Paul Smith's College,paulsmiths.edu,NY
State University of New York at Plattsburgh,plattsburgh.edu,NY
State University of New York at Potsdam,potsdam.edu,NY
Pratt Institute,pratt.edu,NY
Purchase College,purchase.edu,NY
Rochester Institute of Technology,rit.edu,NY
Roberts Wesleyan College,roberts.edu,NY
University of Rochester,rochester.edu,NY
Rensselaer Polytechnic Institute,rpi.edu,NY
The Sages Colleges,sage.edu,NY
Saint Bonaventure University,sbu.edu,NY
The New York Conservatory for Dramatic Arts,sft.edu,NY
Siena College,siena.edu,NY
Saint John Fisher College,sjfc.edu,NY
Skidmore College,skidmore.edu,NY
Sarah Lawrence College,slc.edu,NY
Saint Bernard's School of Theology and Ministry,stbernards.edu,NY
Saint John's University,stjohns.edu,NY
Saint Lawrence University,stlawu.edu,NY
Stony Brook University,stonybrook.edu,NY
Stony Brook Medicine,stonybrookmedicine.edu,NY
The College of Saint Rose,strose.edu,NY
State University of New York,suny.edu,NY
State University of New York at Adirondack,sunyacc.edu,NY
State University of New Institute of Technology,sunyit.edu,NY
Jamestown Community College,sunyjcc.edu,NY
Orange County Community College,sunyorange.edu,NY
Rockland Community College,sunyrockland.edu,NY
Suffolk County Community College,sunysuffolk.edu,NY
Westchester Community College,sunywcc.edu,NY
Syracuse University,syr.edu,NY
Tompkins Cortland Community College,tc3.edu,NY
The Touro College and University System,touro.edu,NY
Touro College Jacob D. Fuchsberg Law Center,tourolaw.edu,NY
Union College,union.edu,NY
Upstate Medical University,upstate.edu,NY
United States Military Academy West Point,usma.edu,NY
Utica College,utica.edu,NY
Vassar College,vassar.edu,NY
Wagner College,wagner.edu,NY
Wells College,wells.edu,NY
Yeshiva University,yu.edu,NY
Canton State University of New York,canton.edu,NY
Excelsior College,excelsior.edu,NY
Culinary Institute of America,ciachef.edu,NY
Ashland University,ashland.edu,OH
Aultman College of Nursing and Health Sciences,aultmancollege.edu,OH
Belmont College,belmontcollege.edu,OH
Bowling Green State University,bgsu.edu,OH
Baldwin Wallace University,bw.edu,OH
Capital University,capital.edu,OH
Case Western Reserve University,case.edu,OH
Cincinnati College of Mortuary Science,ccms.edu,OH
Cedarville University,cedarville.edu,OH
Central State University,centralstate.edu,OH
Cincinnati State Technical and Community College,cincinnatistate.edu,OH
Central Ohio Technical College,cotc.edu,OH
Columbus State Community College,cscc.edu,OH
Cleveland State University,csuohio.edu,OH
Western Reserve University,cwru.edu,OH
Defiance College,defiance.edu,OH
Denison University,denison.edu,OH
The University of Findlay,findlay.edu,OH
Franklin University,franklin.edu,OH
Heidelberg University,heidelberg.edu,OH
Hiram College,hiram.edu,OH
Hocking College,hocking.edu,OH
John Carroll University,jcu.edu,OH
Kettering College,kc.edu,OH
Kent State University,kent.edu,OH
Kenyon College,kenyon.edu,OH
Lakeland Community College,lakelandcc.edu,OH
Lima Central Catholic High School,lcchs.edu,OH
Lorain County Community College,lorainccc.edu,OH
Malone University,malone.edu,OH
Marietta College,marietta.edu,OH
Miami University,miamioh.edu,OH
University of Mount Union,mountunion.edu,OH
Mount Saint Joseph University,msj.edu,OH
Muskingum University,muskingum.edu,OH
Mount Vernon Nazarene University,mvnu.edu,OH
North Central State College,ncstatecollege.edu,OH
Oberlin College and Conservatory,oberlin.edu,OH
Ohio University,ohio.edu,OH
Ohio Dominican University,ohiodominican.edu,OH
Ohio State University,osu.edu,OH
Ohio Northern University,onu.edu,OH
Otterbein University,otterbein.edu,OH
Owens Community College,owens.edu,OH
Ohio Wesleyan University,owu.edu,OH
University of Rio Grande,rio.edu,OH
Shawnee State University,shawnee.edu,OH
Sinclair Community College,sinclair.edu,OH
Tiffin University,tiffin.edu,OH
Cuyahoga Community College,tri-c.edu,OH
The University of Akron,uakron.edu,OH
University of Cincinnati,uc.edu,OH
University of Cincinnati Blue Ash,ucblueash.edu,OH
University of Cincinnati Clermont,ucclermont.edu,OH
University of Dayton,udayton.edu,OH
Urbana University,urbana.edu,OH
Ursuline College,ursuline.edu,OH
University of Toledo,utoledo.edu,OH
Walsh University,walsh.edu,OH
Wilmington College,wilmington.edu,OH
Wittenberg University,wittenberg.edu,OH
The College of Wooster,wooster.edu,OH
Wright State University,wright.edu,OH
Xavier University,xavier.edu,OH
Youngstown State University,ysu.edu,OH
Ohio State University,osu.edu,OH
Cameron University,cameron.edu,OK
Connors State College,connorsstate.edu,OK
East Central University,ecok.edu,OK
Langston University,langston.edu,OK
Mid-America Christian University,macu.edu,OK
Meridian Technology Center,meridiantech.edu,OK
Northeastern State University,nsuok.edu,OK
Northwestern Oklahoma State University,nwosu.edu,OK
Oklahoma Christian University,oc.edu,OK
Oklahoma City Community College,occc.edu,OK
Oklahoma City University,okcu.edu,OK
Oklahoma State University,okstate.edu,OK
Oral Roberts University,oru.edu,OK
Oklahoma State University Institue of Technology,osuit.edu,OK
Oklahoma State University,osuokc.edu,OK
The University of Oklahoma,ou.edu,OK
The University of Oklahoma Health Sciences Center,ouhsc.edu,OK
Rose State College,rose.edu,OK
Rogers State University,rsu.edu,OK
Southeastern Oklahoma State University,se.edu,OK
Southwestern Christian University,swcu.edu,OK
Southwestern Oklahoma State Univeristy,swosu.edu,OK
Tulsa Community College,tulsacc.edu,OK
University of Central Oklahoma,uco.edu,OK
University of Science and Arts of Oklahoma,usao.edu,OK
University of Tulsa,utulsa.edu,OK
Western Oklahoma State College,wosc.edu,OK
Blue Mountain Community College,bluecc.edu,OR
Clatsop Community College,clatsopcc.edu,OR
Central Oregon Community College,cocc.edu,OR
Columbia School of English,cs.edu,OR
Concordia University Portland Oregon,cu-portland.edu,OR
Eastern Oregon University,eou.edu,OR
George Fox University,georgefox.edu,OR
Lane Community College,lanecc.edu,OR
Lewis and Clark,lclark.edu,OR
Linfield College,linfield.edu,OR
Linn-Benton Community College,linnbenton.edu,OR
Marylhurst University,marylhurst.edu,OR
National College of Natural Medicine,ncnm.edu,OR
Oregon Health and Science University,ohsu.edu,OR
Oregon State University,oregonstate.edu,OR
Pacific University Oregon,pacificu.edu,OR
Portland Community College,pcc.edu,OR
Portland State University,pdx.edu,OR
Reed College,reed.edu,OR
Rogue Community College,roguecc.edu,OR
Southwestern Oregon Community College,socc.edu,OR
Southern Oregon University,sou.edu,OR
University of Oregon,uoregon.edu,OR
University of Portland,up.edu,OR
Warner Pacific College,warnerpacific.edu,OR
Willamette University,willamette.edu,OR
Western Oregon University,wou.edu,OR
Allegheny College,allegheny.edu,PA
Alvernia University,alvernia.edu,PA
Arcadia University,arcadia.edu,PA
Baptist Bible College & Seminary,bbc.edu,PA
Butler County Community College,bc3.edu,PA
Bloomsburg University,bloomu.edu,PA
Bryn Mawr College,brynmawr.edu,PA
Bucknell University,bucknell.edu,PA
Bucks County Community College,bucks.edu,PA
California University of Pennsylvania,calu.edu,PA
Carlow University,carlow.edu,PA
Community College of Allegheny County,ccac.edu,PA
Community College of Philadelphia,ccp.edu,PA
Cedar Crest College,cedarcrest.edu,PA
Chatham University,chatham.edu,PA
Chestnut Hill College,chc.edu,PA
Clarion University,clarion.edu,PA
Carnegie Mellon University,cmu.edu,PA
Delaware County Community College,dccc.edu,PA
Delaware Valley College,delval.edu,PA
Dickinson College,dickinson.edu,PA
Drexel University,drexel.edu,PA
Drexel University College of Medicine,drexelmed.edu,PA
Duquesne University,duq.edu,PA
Eastern University,eastern.edu,PA
Edinboro University,edinboro.edu,PA
Elizabethtown College,etown.edu,PA
Evangelical Seminary,evangelical.edu,PA
Franklin & Marshall College,fandm.edu,PA
Saint Francis University,francis.edu,PA
Grove City College,gcc.edu,PA
Geneva College,geneva.edu,PA
Gettysburg College,gettysburg.edu,PA
Harrisburg Area Community College,hacc.edu,PA
Haverford College,haverford.edu,PA
Holy Family University,holyfamily.edu,PA
Indiana University of Pennsylvania,iup.edu,PA
Thomas Jefferson University,jefferson.edu,PA
Juniata College,juniata.edu,PA
Keystone College,keystone.edu,PA
King's College,kings.edu,PA
Kutztown University,kutztown.edu,PA
Lackawanna College,lackawanna.edu,PA
Lafayette College,lafayette.edu,PA
Lancaster County Career and Technology Center,lancasterctc.edu,PA
Lancaster Theological Seminary,lancasterseminary.edu,PA
La Roche College,laroche.edu,PA
La Salle University,lasalle.edu,PA
Lehigh Carbon Community College,lccc.edu,PA
Lake Erie College of Osteopathic Medicine,lecom.edu,PA
Lehigh University,lehigh.edu,PA
Lock Haven University,lhup.edu,PA
The Lincoln University,lincoln.edu,PA
Lansdale School of Business,lsb.edu,PA
Lebanon Valley College,lvc.edu,PA
Lycoming College,lycoming.edu,PA
Manor College,manor.edu,PA
Mansfield University,mansfield.edu,PA
Marywood University,marywood.edu,PA
Montgomery County Community College,mc3.edu,PA
Mercyhurst University,mercyhurst.edu,PA
Messiah College,messiah.edu,PA
Millersville University,millersville.edu,PA
Misericordia University,misericordia.edu,PA
Moravian College,moravian.edu,PA
Mount Aloysius College,mtaloy.edu,PA
Muhlenberg College,muhlenberg.edu,PA
Neumann University,neumann.edu,PA
Northampton Community College,northampton.edu,PA
Pennsylvania Gunsmith School,pagunsmith.edu,PA
Philadelphia College of Osteopathic Medicine,pcom.edu,PA
Pennsylvania College of Technology,pct.edu,PA
Philadelphia University,philau.edu,PA
University of Pittsburgh,pitt.edu,PA
Penn State University,psu.edu,PA
Reading Area Community College,racc.edu,PA
Robert Morris University,rmu.edu,PA
Saint Vincent Seminary,saintvincentseminary.edu,PA
Salus University,salus.edu,PA
The University of Scranton,scranton.edu,PA
Shippensburg University,ship.edu,PA
Saint Joseph's University,sju.edu,PA
Slippery Rock University,sru.edu,PA
Saint Vincent College,stvincent.edu,PA
Susquehanna University,susqu.edu,PA
Swarthmore College,swarthmor.edu,PA
Temple University,temple.edu,PA
The American College of Financial Services,theamericancollege.edu,PA
Thiel College,thiel.edu,PA
University of the Arts,uarts.edu,PA
University of Pennsylvania,upenn.edu,PA
University of the Sciences in Philadelphia,usciences.edu,PA
Valley Forge Christian College,vfcc.edu,PA
Villanova University,villanova.edu,PA
Washington and Jefferson College,washjeff.edu,PA
Westmoreland County Community College,wccc.edu,PA
West Chester University,wcupa.edu,PA
Westminster College,westminster.edu,PA
Widener University,widener.edu,PA
Wilkes University,wilkes.edu,PA
Wilson College,wilson.edu,PA
York College of Pennsylvania,ycp.edu,PA
Pennsylvania Academy of the Fine Arts,pafa.edu,PA
East Stroudsburg University,esu.edu,PA
Ursinus College,ursinus.edu,PA
DeSales University,desales.edu,PA
Lancaster Bible College,lbc.edu,PA
Cheyney University of Pennsylvania,cheyney.edu,PA
Brown University,brown.edu,RI
Bryant University,bryant.edu,RI
Community College of Rhode Island,ccri.edu,RI
Johnson and Wales University,jwu.edu,RI
New England Institute of Technology,neit.edu,RI
Providence College,providence.edu,RI
The University of Rhode Island,uri.edu,RI
Rhode Island College,ric.edu,RI
Rhose Island School of Design,risd.edu,RI
Roger Williams University,rwu.edu,RI
University of Rhode Island,uri.edu,RI
Centura College,centura.edu,SC
The Citadel Military College of South Carolina,citadel.edu,SC
Columbia International University,ciu.edu,SC
Clemson University,clemson.edu,SC
Coastal Carolina University,coastal.edu,SC
College of Charleston,cofc.edu,SC
Coker College,coker.edu,SC
Columbia College South Carolina,columbiasc.edu,SC
Florence-Darlington Technical College,fdtc.edu,SC
Francis Marion University,fmarion.edu,SC
Forrest College,forrestcollege.edu,SC
Furman University,furman.edu,SC
Lander University,lander.edu,SC
Limestone College,limestone.edu,SC
Midlands Technical College,midlandstech.edu,SC
Medical University of South Carolina,musc.edu,SC
Newberry College,newberry.edu,SC
North Greenville University,ngu.edu,SC
Orangeburg-Calhoun Technical College,octech.edu,SC
Presbyterian College,presby.edu,SC
University of South Carolina,sc.edu,SC
South Carolina State University,scsu.edu,SC
Sinte Gleska University,sintegleska.edu,SC
Spartanburg Methodist College,smcsc.edu,SC
TriCounty Technical College,tctc.edu,SC
University of South Carolina Aiken,usca.edu,SC
University of South Carolina Beaufort,uscb.edu,SC
University of South Carolina Upstate,uscupstate.edu,SC
Winthrop University,winthrop.edu,SC
Wofford College,wofford.edu,SC
York Technical College,yorktech.edu,SC
Bob Jones University,bju.edu,SC
Anderson University,andersonuniversity.edu,SC
Black Hills State University,bhsu.edu,SD
Dakota State University,dsu.edu,SD
Dakota Wesleyan University,dwu.edu,SD
Mount Marty College,mtmc.edu,SD
Northern State University,northern.edu,SD
South Dakota School of Mines and Technology,sdsmt.edu,SD
South Dakota State University,sdstate.edu,SD
University of South Dakota,usd.edu,SD
University of Sioux Falls,usioxfalls.edu,SD
Western Dakota Technical Institute,wdt.edu,SD
Austin Peay State University,apsu.edu,TN
Belmont University,belmont.edu,TN
Bryan College,bryan.edu,TN
Christian Brothers University,cbu.edu,TN
Carson-Newman University,cn.edu,TN
Columbia State Community College,columbiastate.edu,TN
Cumberland University,cumberland.edu,TN
DeVry University,devry.edu,TN
East Tennessee State University,etsu.edu,TN
Freed-Hardeman University,fhu.edu,TN
Fisk University,fisk.edu,TN
Huntington College of Health Sciences,hchs.edu,TN
Hiwassee College,hiwassee.edu,TN
Johnson University,johnsonu.edu,TN
Jackson State Community College,jscc.edu,TN
Lee University,leeuniversity.edu,TN
Lincoln Memorial University,lmunet.edu,TN
The LeMoyne-Owen College,loc.edu,TN
The University of Memphis,memphis.edu,TN
Milligan College,milligan.edu,TN
Middle Tennessee State University,mtsu.edu,TN
Nashville State Community College,nscc.edu,TN
Pellissippi State Community College,pstcc.edu,TN
Rhodes College,rhodes.edu,TN
Roane State Community College,roanestate.edu,TN
Southern College of Optometry,sco.edu,TN
Sewanee The University of the South,sewanee.edu,TN
Southern Adventist University,southern.edu,TN
The University of Tennessee,tennessee.edu,TN
Southwest Tennessee Community College,tn.edu,TN
Tennessee State University,tnstate.edu,TN
Tennessee Technological University,tntech.edu,TN
Tennessee Wesleyan College,twcnet.edu,TN
University of Tennessee Chattanooga,utc.edu,TN
University of Tennessee Health Science Center,uthsc.edu,TN
University of Tennessee Knoxville,utk.edu,TN
University of Tennessee Martin,utm.edu,TN
University of Tennessee Space Institute,utsi.edu,TN
Union University,uu.edu,TN
Vanderbilt University,vanderbilt.edu,TN
Volunteer State Community College,volstate.edu,TN
King University,king.edu,TN
Abilene Christian University,acu.edu,TX
Alamo Colleges,alamo.edu,TX
Alvin Community College,alvincollege.edu,TX
Angelo State University,angelo.edu,TX
Austin Community College District,austincc.edu,TX
Austin College,austincollege.edu,TX
Austin Graduate School of Theology,austingrad.edu,TX
Baylor University,baylor.edu,TX
Blinn College,blinn.edu,TX
Brazosport College,brazosport.edu,TX
Brookhaven College,brookhavencollege.edu,TX
Baptist Health System School of Health Professions,bshp.edu,TX
Career Point College,careerpointcollege.edu,TX
Cedar Valley College,cedarvalleycollege.edu,TX
Coastal Bend College,coastalbend.edu,TX
College of the Mainland,com.edu,TX
Concordia University Texas,concordia.edu,TX
Central Texas College,ctcd.edu,TX
Culinary Institute LeNotre,culinaryinstitute.edu,TX
Dallas Baptist University,dbu.edu,TX
Del Mar College,delmar.edu,TX
Dallas Nursing Institute,dni.edu,TX
El Paso Community College,epcc.edu,TX
East Texas Baptist University,etbu.edu,TX
Galen College of Nursing,galencollege.edu,TX
Galveston College,gc.edu,TX
Grayson College,grayson.edu,TX
Houston Baptist University,hbu.edu,TX
Houston Community College,hccs.edu,TX
Hill College,hillcollege.edu,TX
Howard College,howardcollege.edu,TX
Howard Payne University,hputx.edu,TX
Lamar University,lamar.edu,TX
Lamar State College - Port Arthur,lamarpa.edu,TX
Lubbock Christian University,lcu.edu,TX
LeTourneau University,letu.edu,TX
Lamar Institute of Technology,lit.edu,TX
Lone Star College System,lonestar.edu,TX
Lamar State College - Orange,lsco.edu,TX
McLennan Community College,mclennan.edu,TX
McMurry University,mcm.edu,TX
Midland College,midland.edu,TX
Midwestern State University,mwsu.edu,TX
National American University,national.edu,TX
North Central Texas College,nctc.edu,TX
North American University,northamerican.edu,TX
North Lake College,northlakecollege.edu,TX
Odessa College,odessa.edu,TX
Ogle School,ogleschool.edu,TX
Our Lady of the Lake University,ollusa.edu,TX
Panola College,panola.edu,TX
Patty Hands Shelton School of Nursing,phssn.edu,TX
Prairie View A&M University,pvamu.edu,TX
Rice University,rice.edu,TX
Richland College,richlandcollege.edu,TX
San Jacinto College,sanjac.edu,TX
Schreiner University,schreiner.edu,TX
Stephen F. Austin State University,sfasu.edu,TX
Sam Houston State University,shsu.edu,TX
Southern Methodist University,smu.edu,TX
South Plains College,southplainscollege.edu,TX
South Texas College,southtexascollege.htp,TX
Southwestern University,southwestern.edu,TX
Seminary of the Southwest,ssw.edu,TX
South Texas College of Law,stcl.edu,TX
Saint Edward's University,stedwards.edu,TX
Saint Mary's University,stmarytx.edu,TX
University of Saint Thomas,stthom.edu,TX
Texas A&M Health Science Center,tamhsc.edu,TX
Texas A&M International University,tamiu.edu,TX
Texas A&M University,tamu.edu,TX
Texas A&M University Commerce,tamuc.edu,TX
Texas A&M University Corpus Christi,tamucc.edu,TX
Texas A&M University Kingsville,tamuk.edu,TX
Texas A&M University Texarkana,tamut.edu,TX
Tarleton State University,tarleton.edu,TX
Texas Christian University,tcu.edu,TX
Temple College,templejc.edu,TX
Tyler Junior College,tjc.edu,TX
Trinity University,trinity.edu,TX
Texas State Technical College,tstc.edu,TX
Texas Southern University,tsu.edu,TX
Texas Tech University,ttu.edu,TX
Texas Tech University Health Sciences Center,ttuhsc.edu,TX
Texas Woman's University,twu.edu,TX
Texas Chiropractic College,txchiro.edu,TX
Texas State University,txstate.edu,TX
University of Dallas,udallas.edu,TX
Universty of Houston,uh.edu,TX
University of Houston Clear Lake,uhcl.edu,TX
University of Houston Downtown,uhd.edu,TX
University of the Incarnate Word,uiw.edu,TX
University of Mary Hardin-Baylor,umhb.edu,TX
University of North Texas,unt.edu,TX
University of North Texas Health Science Center,unthsc.edu,TX
University of Texas Arlington,uta.edu,TX
University of Texas Brownsville,utb.edu,TX
University of Texas Dallas,utdallas.edu,TX
University of Texas at El Paso,utep.edu,TX
University of Texas at Austin,utexas.edu,TX
University of Texas Health Science Center Houston,uth.edu,TX
University of Texas Health Science Center San Antonio,uthscsa.edu,TX
University of Texas Medical Branch at Galveston,utmb.edu,TX
University of Texas Pan American,utpa.edu,TX
University of Texas of the Permian Basin,utpb.edu,TX
University of Texas at San Antonio,utsa.edu,TX
University of Texas Southwestern Medical Center,utsouthwestern.edu,TX
University of Texas at Tyler,uttyler.edu,TX
Valley Grande Institute,vgi.edu,TX
Victoria College,victoriacollege.edu,TX
Wayland Baptist University,wbu.edu,TX
Weatherford College,wc.edu,TX
West Texas A&M University,wtamu.edu,TX
University of the Virgin Islands,uvi.edu,U.S. Virgin Islands
Brigham Young University,byu.edu,UT
Dixie State University,dixie.edu,UT
Salt Lake Community College,slcc.edu,UT
Snow College,snow.edu,UT
Southern Utah University,suu.edu,UT
Utah State University,usu.edu,UT
University of Utah,utah.edu,UT
Utah Valley University,uvu.edu,UT
Weber State University,weber.edu,UT
Western Governors University,https://www.wgu.edu/,UT
Averett University,averett.edu,VA
Christendom College,christendom.edu,VA
Christopher Newport University,cnu.edu,VA
Dabney S. Lancaster Community College,dslcc.edu,VA
Eastern Mennonite University,emu.edu,VA
Eastern Virginia Medical School,evms.edu,VA
Ferrum College,ferrum.edu,VA
Germanna Community College,germanna.edu,VA
George Mason University,gmu.edu,VA
Hampden-Sydney College,hsc.edu,VA
The Institute for the Psychological Sciences,ipsciences.edu,VA
James Madison University,jmu.edu,VA
Liberty University,liberty.edu,VA
Longwood University,longwood.edu,VA
Marymount University,marymount.edu,VA
New River Community College,nr.edu,VA
Norfolk State University,nsu.edu,VA
Northern Virginia Community College,nvcc.edu,VA
Old Dominion University,odu.edu,VA
Radford University,radford.edu,VA
Randolph College,randolphcollege.edu,VA
Rappahannock Community College,rappahannock.edu,VA
Regent University,regent.edu,VA
Reynolds Community College,reynolds.edu,VA
University of Richmond,richmond.edu,VA
Randolph-Macon College,rmc.edu,VA
Roanoke College,roanoke.edu,VA
Sentara College of Health Sciences,sentara.edu,VA
Stratford University,stratford.edu,VA
Shenandoah University,su.edu,VA
Southern Virgina University,svu.edu,VA
Southwest Virgina Community College,sw.edu,VA
Tidewater Community College,tcc.edu,VA
Thomas Nelson Community College,tncc.edu,VA
University of Mary Washington,umw.edu,VA
University of Virginia's College at Wise,uvawise.edu,VA
Virginia's Community Colleges,vccs.edu,VA
Virginia Commonwealth University,vcu.edu,VA
Virgina Highlands Community College,vhcc.edu,VA
Virginia Institute of Marine Science,vims.edu,VA
University of Virginia,virginia.edu,VA
Virginia Western Community College,virginiawestern.edu,VA
Virginia International University,viu.edu,VA
Virginia State University,vsu.edu,VA
Virginia Polytechnic Institute and State University,vt.edu,VA
Virginia Union University,vuu.edu,VA
Virginia Wesleyan College,vwc.edu,VA
Washington and Lee University,wlu.edu,VA
The College of William and Mary,wm.edu,VA
Castleton State College of Vermont,castleton.edu,VT
Champlain College,champlain.edu,VT
Green Mountain College,greenmtn.edu,VT
Johnson State College,jsc.edu,VT
Middlebury College,middlebury.edu,VT
New England Culinary Institute,neci.edu,VT
Norwich University,norwich.edu,VT
School for International Training,sit.edu,VT
Saint Michael's College,smcvt.edu,VT
University of Vermont,uvm.edu,VT
University of Vermont,uvm.edu,VT
Vermont Law School,vermontlaw.edu,VT
Vermont Technical College,vtc.edu,VT
Bennington College,bennington.edu,VT
Bellevue College,bellevuecollege.edu,WA
Big Bend Community College,bigbend.edu,WA
Cascadia Community College,cascadia.edu,WA
Centralia College,centralia.edu,WA
Charter College,chartercollege.edu,WA
Clark College,clark.edu,WA
Central Washington University,cwu.edu,WA
DigiPen Institute of Technology,digipen.edu,WA
Edmonds Community College,edcc.edu,WA
Everett Community College,everettcc.edu,WA
The Evergreen State College,evergreen.edu,WA
Eastern Washington University,ewu.edu,WA
Faith Evangelical College and Seminary,faithseminary.edu,WA
Gonzaga University,gonzaga.edu,WA
Green River Community College,greenriver.edu,WA
Highline College,highline.edu,WA
Mukogawa Fort Wright Institute,mfwi.edu,WA
North Seattle College,northseattle.edu,WA
Olympic College,olympic.edu,WA
Peninsula College,pencol.edu,WA
Perry Technical Institute,perrytech.edu,WA
Pacific Lutheran University,plu.edu,WA
Renton Technical College,rtc.edu,WA
Seattle Central College,seattlecentral.edu,WA
Seattle University,seattleu.edu,WA
Shoreline Community College,shoreline.edu,WA
Seattle Institute of Oriental Medicine,siom.edu,WA
Skagit Valley College,skagit.edu,WA
South Seattle College,southseattle.edu,WA
Spokane Falls Community College,spokanefalls.edu,WA
Seattle Pacific University,spu.edu,WA
Saint Martin's University,stmartin.edu,WA
University of Puget Sound,pugetsound.edu,WA
University of Washington,uw.edu,WA
University of Washington Bothell,uwb.edu,WA
Walla Walla University,wallawalla.edu,WA
Whitman College,whitman.edu,WA
Whitworth University,whitworth.edu,WA
Washington State University,wsu.edu,WA
Wenatchee Valley College,wvc.edu,WA
Walla Walla Community College,wwcc.edu,WA
Western Washington University,wwu.edu,WA
Yakima Valley Community College,yvcc.edu,WA
University of Washington,washington.edu,WA
Alverno College,alverno.edu,WI
Carroll University,carrollu.edu,WI
Carthage College,carthage.edu,WI
Chippewa Valley Technical College,cvtc.edu,WI
Edgewood College,edgewood.edu,WI
Gateway Technical College,gtc.edu,WI
The Institute of Beauty and Wellness,ibw.edu,WI
Lawrence University,lawrence.edu,WI
Madison Area Technical College,madisoncollege.edu,WI
Marquette University,marquette.edu,WI
Milwaukee Area Technical College,matc.edu,WI
Medical College of Wisconsin,mcw.edu,WI
Milwaukee Institute of Art and Design,miad.edu,WI
Moraine Park Technical College,morainepark.edu,WI
Milwaukee School of Engineering,msoe.edu,WI
Northland College,northland.edu,WI
Northcentral Technical College,ntc.edu,WI
Northeast Wisconsin Technical College,nwtc.edu,WI
Silver Lake College of the Holy Family,sl.edu,WI
Saint Norbert College,snc.edu,WI
Cardinal Stritch University,stritch.edu,WI
University of Wisconsin Colleges,uwc.edu,WI
University of Wisconsin Eau Claire,uwec.edu,WI
University of Wisconsin Extension,uwex.edu,WI
University of Wisconsin Green Bay,uwgb.edu,WI
University of Wisconsin La Crosse,uwlax.edu,WI
University of Wisconsin Milwaukee,uwm.edu,WI
University of Wisconsin Oshkosh,uwosh.edu,WI
University of Wisconsin Platteville,uwplatt.edu,WI
University of Wisconsin River Falls,uwrf.edu,WI
University of Wisconsin Stevens Point,uwsp.edu,WI
University of Wisconsin Superior,uwsuper.edu,WI
University of Wisconsin Whitewater,uww.edu,WI
Viterbo University,viterbo.edu,WI
Waukesha County Technical College,wctc.edu,WI
"University of Wisconsin, Madison",wisc.edu,WI
Wisconsin Indianhead Technical College,witc.edu,WI
Wisconsin Lutheran College,wlc.edu,WI
Wisconsin Technical College System,wtcsystem.edu,WI
Western Technical College,westerntc.edu,WI
American Public University System,apus.edu,WV
Concord University,concord.edu,WV
Eastern West Virgina Community and Technical College,easternwv.edu,WV
Fairmont State University,fairmontstate.edu,WV
Marshall University,marshall.edu,WV
Ohio Valley University,ovu.edu,WV
Pierpont Community and Technical College,pierpont.edu,WV
Shepherd University,shepherd.edu,WV
University of Charleston,ucwv.edu,WV
West Liberty University,westliberty.edu,WV
Wheeling Jesuit University,wju.edu,WV
West Virginia Northern Community College,wvncc.edu,WV
West Virginia State University,wvstateu.edu,WV
West Virginia University,wvu.edu,WV
West Virginia Wesleyan College,wvwc.edu,WV
Casper College,caspercollege.edu,WY
Central Wyoming College,cwc.edu,WY
National Outdoor Leadership School,nols.edu,WY
Northwest College,northwestcollege.edu,WY
Northern Wyoming Community College District,sheridan.edu,WY
University of Wyoming,uwyo.edu,WY
